#V,I (mA),uncert volt,uncert current
6.461,29.413,0.0052305,0.063826
6.49,13.905,0.005245,0.03281
6.512,2.404,0.005256,0.009808
6.517,0.242,0.0052585,0.005484
6.518,0.061,0.005259,0.005122
