V,I mA,uncert v,uncert current
9.998,45.14,0.006999,0.09528
9.999,21.338,0.0069995,0.047676
9.999,3.689,0.0069995,0.012378
9.999,0.372,0.0069995,0.005744
10,0.094,0.007,0.005188
