#V,I mA,uncert volt,uncert current
6.499,29.393,0.0052495,0.063786
6.499,13.872,0.0052495,0.032744
6.5,2.398,0.00525,0.009796
6.5,0.241,0.00525,0.005482
6.5,0.061,0.00525,0.005122
