V,I mA,uncert volt,uncert current
19.833,90.15,0.0119165,0.1853
19.922,42.66,0.011961,0.09032
19.987,7.379,0.0119935,0.019758
19.999,0.746,0.0119995,0.006492
