#V, Amps,Visual uncertainty V,Visual uncertainty mA
6.591,0.0173,0.33155,0.00396
7.29,0.0184,0.3665,0.00418
8.689,0.0205,0.43645,0.0046
9.488,0.0216,0.4764,0.00482
10.387,0.0229,0.52135,0.00508
11.387,0.0243,0.57135,0.00536
12.286,0.0255,0.6163,0.0056
13.586,0.0271,0.6813,0.00592
14.385,0.0282,0.72125,0.00614
15.484,0.0309,0.7762,0.00668
16.482,0.0322,0.8261,0.00694
17.782,0.0337,0.8911,0.00724
18.681,0.0347,0.93605,0.00744
19.481,0.0357,0.97605,0.00764
20.08,0.0363,1.006,0.00776