#V,Amps,Voltage uncertainty (V),Current uncertainty (A)
3.96,0.0695,0.00398,0.0012085
4.85,0.0852,0.004425,0.0012556
5.84,0.1027,0.00492,0.0013081
6.533,0.1149,0.0052665,0.0013447
7.325,0.1289,0.0056625,0.0013867
8.612,0.1517,0.006306,0.0014551
9.602,0.1692,0.006801,0.0015076
10.693,0.1884,0.0073465,0.0015652
11.482,0.2025,0.007741,0.0016075
12.372,0.2182,0.008186,0.0016546
13.462,0.2375,0.008731,0.0017125
14.473,0.2555,0.0092365,0.0017665